layers,TruelyPassingEnergy,electron,gamma,energyDeposit,proton
0,0.0,0.27714285714285714,0.5971428571428572,0.0,0.6857142857142857
1,20.643965387139882,0.0,0.0,33.00740935333662,0.0
2,19.69934264846583,0.0,0.0,0.6615718425862852,0.0
3,19.1511026068148,0.0,0.0,0.34834908095050465,0.0
4,18.314222088578077,0.0,0.0,0.522791592085635,0.0
